מעסיק	ממונה על ביצוע
מעסיק	מפקח העבודה
מעסיק	מפקח העתק
מעסיק	המעסיק
מעסיק	ממונה על בטיחות
מעסיק	ממונה על ביצועו
מעסיק	ממונה על הבטיחות
ממונה על ביצוע	מעסיק
ממונה על ביצוע	מפקח העבודה
ממונה על ביצוע	מפקח העתק
ממונה על ביצוע	המעסיק
ממונה על ביצוע	ממונה על בטיחות
ממונה על ביצוע	ממונה על ביצועו
ממונה על ביצוע	ממונה על הבטיחות
מפקח העבודה	מעסיק
מפקח העבודה	ממונה על ביצוע
מפקח העבודה	מפקח העתק
מפקח העבודה	המעסיק
מפקח העבודה	ממונה על בטיחות
מפקח העבודה	ממונה על ביצועו
מפקח העבודה	ממונה על הבטיחות
מפקח העתק	מעסיק
מפקח העתק	ממונה על ביצוע
מפקח העתק	מפקח העבודה
מפקח העתק	המעסיק
מפקח העתק	ממונה על בטיחות
מפקח העתק	ממונה על ביצועו
מפקח העתק	ממונה על הבטיחות
המעסיק	מעסיק
המעסיק	ממונה על ביצוע
המעסיק	מפקח העבודה
המעסיק	מפקח העתק
המעסיק	ממונה על בטיחות
המעסיק	ממונה על ביצועו
המעסיק	ממונה על הבטיחות
ממונה על בטיחות	מעסיק
ממונה על בטיחות	ממונה על ביצוע
ממונה על בטיחות	מפקח העבודה
ממונה על בטיחות	מפקח העתק
ממונה על בטיחות	המעסיק
ממונה על בטיחות	ממונה על ביצועו
ממונה על בטיחות	ממונה על הבטיחות
ממונה על ביצועו	מעסיק
ממונה על ביצועו	ממונה על ביצוע
ממונה על ביצועו	מפקח העבודה
ממונה על ביצועו	מפקח העתק
ממונה על ביצועו	המעסיק
ממונה על ביצועו	ממונה על בטיחות
ממונה על ביצועו	ממונה על הבטיחות
ממונה על הבטיחות	מעסיק
ממונה על הבטיחות	ממונה על ביצוע
ממונה על הבטיחות	מפקח העבודה
ממונה על הבטיחות	מפקח העתק
ממונה על הבטיחות	המעסיק
ממונה על הבטיחות	ממונה על בטיחות
ממונה על הבטיחות	ממונה על ביצועו
מפקח העבודה	מפקח על אי
מפקח העבודה	מפקח על אי
מפקח על אי	מפקח העבודה
מפקח על אי	מפקח העבודה
מבצע הבניה	מפקח העבודה
מבצע הבניה	בודק מוסמך
מפקח העבודה	מבצע הבניה
מפקח העבודה	בודק מוסמך
בודק מוסמך	מבצע הבניה
בודק מוסמך	מפקח העבודה
מפקח הכללי	המעסיק
המעסיק	מפקח הכללי
מפקח העבודה	מפקח על
מפקח העבודה	מפקח על
מפקח העבודה	מפקח על
מפקח על	מפקח העבודה
מפקח על	מפקח העבודה
מפקח על	מפקח העבודה
ממונה על פיצוצים	מפקח העבודה
ממונה על פיצוצים	מפקח העבודה
ממונה על פיצוצים	מפקח העבודה
ממונה על פיצוצים	מפקח העבודה
ממונה על פיצוצים	מפקח העבודה
ממונה על פיצוצים	מפקח המרחב
ממונה על פיצוצים	מפקח המרחב
ממונה על פיצוצים	מפקח המרחב
ממונה על פיצוצים	מפקח המרחב
ממונה על פיצוצים	מפקח המרחב
ממונה על פיצוצים	ממונה על הפיצוצים
ממונה על פיצוצים	ממונה על הפיצוצים
ממונה על פיצוצים	ממונה על הפיצוצים
ממונה על פיצוצים	ממונה על הפיצוצים
ממונה על פיצוצים	ממונה על הפיצוצים
ממונה על פיצוצים	מתכנן מראש
ממונה על פיצוצים	מתכנן מראש
ממונה על פיצוצים	מתכנן מראש
ממונה על פיצוצים	מתכנן מראש
ממונה על פיצוצים	מתכנן מראש
מפקח העבודה	ממונה על פיצוצים
מפקח העבודה	ממונה על פיצוצים
מפקח העבודה	ממונה על פיצוצים
מפקח העבודה	ממונה על פיצוצים
מפקח העבודה	ממונה על פיצוצים
מפקח העבודה	מפקח המרחב
מפקח העבודה	מפקח המרחב
מפקח העבודה	מפקח המרחב
מפקח העבודה	מפקח המרחב
מפקח העבודה	מפקח המרחב
מפקח העבודה	ממונה על הפיצוצים
מפקח העבודה	ממונה על הפיצוצים
מפקח העבודה	ממונה על הפיצוצים
מפקח העבודה	ממונה על הפיצוצים
מפקח העבודה	ממונה על הפיצוצים
מפקח העבודה	מתכנן מראש
מפקח העבודה	מתכנן מראש
מפקח העבודה	מתכנן מראש
מפקח העבודה	מתכנן מראש
מפקח העבודה	מתכנן מראש
מפקח המרחב	ממונה על פיצוצים
מפקח המרחב	ממונה על פיצוצים
מפקח המרחב	ממונה על פיצוצים
מפקח המרחב	ממונה על פיצוצים
מפקח המרחב	ממונה על פיצוצים
מפקח המרחב	מפקח העבודה
מפקח המרחב	מפקח העבודה
מפקח המרחב	מפקח העבודה
מפקח המרחב	מפקח העבודה
מפקח המרחב	מפקח העבודה
מפקח המרחב	ממונה על הפיצוצים
מפקח המרחב	ממונה על הפיצוצים
מפקח המרחב	ממונה על הפיצוצים
מפקח המרחב	ממונה על הפיצוצים
מפקח המרחב	ממונה על הפיצוצים
מפקח המרחב	מתכנן מראש
מפקח המרחב	מתכנן מראש
מפקח המרחב	מתכנן מראש
מפקח המרחב	מתכנן מראש
מפקח המרחב	מתכנן מראש
ממונה על הפיצוצים	ממונה על פיצוצים
ממונה על הפיצוצים	ממונה על פיצוצים
ממונה על הפיצוצים	ממונה על פיצוצים
ממונה על הפיצוצים	ממונה על פיצוצים
ממונה על הפיצוצים	ממונה על פיצוצים
ממונה על הפיצוצים	מפקח העבודה
ממונה על הפיצוצים	מפקח העבודה
ממונה על הפיצוצים	מפקח העבודה
ממונה על הפיצוצים	מפקח העבודה
ממונה על הפיצוצים	מפקח העבודה
ממונה על הפיצוצים	מפקח המרחב
ממונה על הפיצוצים	מפקח המרחב
ממונה על הפיצוצים	מפקח המרחב
ממונה על הפיצוצים	מפקח המרחב
ממונה על הפיצוצים	מפקח המרחב
ממונה על הפיצוצים	מתכנן מראש
ממונה על הפיצוצים	מתכנן מראש
ממונה על הפיצוצים	מתכנן מראש
ממונה על הפיצוצים	מתכנן מראש
ממונה על הפיצוצים	מתכנן מראש
מתכנן מראש	ממונה על פיצוצים
מתכנן מראש	ממונה על פיצוצים
מתכנן מראש	ממונה על פיצוצים
מתכנן מראש	ממונה על פיצוצים
מתכנן מראש	ממונה על פיצוצים
מתכנן מראש	מפקח העבודה
מתכנן מראש	מפקח העבודה
מתכנן מראש	מפקח העבודה
מתכנן מראש	מפקח העבודה
מתכנן מראש	מפקח העבודה
מתכנן מראש	מפקח המרחב
מתכנן מראש	מפקח המרחב
מתכנן מראש	מפקח המרחב
מתכנן מראש	מפקח המרחב
מתכנן מראש	מפקח המרחב
מתכנן מראש	ממונה על הפיצוצים
מתכנן מראש	ממונה על הפיצוצים
מתכנן מראש	ממונה על הפיצוצים
מתכנן מראש	ממונה על הפיצוצים
מתכנן מראש	ממונה על הפיצוצים
מעסיק	מפקח הורה
מעסיק	מפקח הורה
מעסיק	מפקח הורה
מעסיק	מפקח הורה
מעסיק	ממונה על ביצוע
מעסיק	ממונה על ביצוע
מעסיק	ממונה על ביצוע
מעסיק	ממונה על ביצוע
מעסיק	בודק מוסמך
מעסיק	בודק מוסמך
מעסיק	בודק מוסמך
מעסיק	בודק מוסמך
מעסיק	מפקח האזורי
מעסיק	מפקח האזורי
מעסיק	מפקח האזורי
מעסיק	מפקח האזורי
מעסיק	מפקח הוא
מעסיק	מפקח הוא
מעסיק	מפקח הוא
מעסיק	מפקח הוא
מעסיק	מפקח העבודה
מעסיק	מפקח העבודה
מעסיק	מפקח העבודה
מעסיק	מפקח העבודה
מעסיק	מבצע בניה
מעסיק	מבצע בניה
מעסיק	מבצע בניה
מעסיק	מבצע בניה
מעסיק	ממונה על הארגז
מעסיק	ממונה על הארגז
מעסיק	ממונה על הארגז
מעסיק	ממונה על הארגז
מעסיק	מפקח הראשי
מעסיק	מפקח הראשי
מעסיק	מפקח הראשי
מעסיק	מפקח הראשי
מעסיק	המעסיק
מעסיק	המעסיק
מעסיק	המעסיק
מעסיק	המעסיק
מעסיק	הבודק המוסמך
מעסיק	הבודק המוסמך
מעסיק	הבודק המוסמך
מעסיק	הבודק המוסמך
מעסיק	קבלן
מעסיק	קבלן
מעסיק	קבלן
מעסיק	קבלן
מעסיק	ממונה על ארגז
מעסיק	ממונה על ארגז
מעסיק	ממונה על ארגז
מעסיק	ממונה על ארגז
מפקח הורה	מעסיק
מפקח הורה	מעסיק
מפקח הורה	מעסיק
מפקח הורה	מעסיק
מפקח הורה	ממונה על ביצוע
מפקח הורה	ממונה על ביצוע
מפקח הורה	ממונה על ביצוע
מפקח הורה	ממונה על ביצוע
מפקח הורה	בודק מוסמך
מפקח הורה	בודק מוסמך
מפקח הורה	בודק מוסמך
מפקח הורה	בודק מוסמך
מפקח הורה	מפקח האזורי
מפקח הורה	מפקח האזורי
מפקח הורה	מפקח האזורי
מפקח הורה	מפקח האזורי
מפקח הורה	מפקח הוא
מפקח הורה	מפקח הוא
מפקח הורה	מפקח הוא
מפקח הורה	מפקח הוא
מפקח הורה	מפקח העבודה
מפקח הורה	מפקח העבודה
מפקח הורה	מפקח העבודה
מפקח הורה	מפקח העבודה
מפקח הורה	מבצע בניה
מפקח הורה	מבצע בניה
מפקח הורה	מבצע בניה
מפקח הורה	מבצע בניה
מפקח הורה	ממונה על הארגז
מפקח הורה	ממונה על הארגז
מפקח הורה	ממונה על הארגז
מפקח הורה	ממונה על הארגז
מפקח הורה	מפקח הראשי
מפקח הורה	מפקח הראשי
מפקח הורה	מפקח הראשי
מפקח הורה	מפקח הראשי
מפקח הורה	המעסיק
מפקח הורה	המעסיק
מפקח הורה	המעסיק
מפקח הורה	המעסיק
מפקח הורה	הבודק המוסמך
מפקח הורה	הבודק המוסמך
מפקח הורה	הבודק המוסמך
מפקח הורה	הבודק המוסמך
מפקח הורה	קבלן
מפקח הורה	קבלן
מפקח הורה	קבלן
מפקח הורה	קבלן
מפקח הורה	ממונה על ארגז
מפקח הורה	ממונה על ארגז
מפקח הורה	ממונה על ארגז
מפקח הורה	ממונה על ארגז
ממונה על ביצוע	מעסיק
ממונה על ביצוע	מעסיק
ממונה על ביצוע	מעסיק
ממונה על ביצוע	מעסיק
ממונה על ביצוע	מפקח הורה
ממונה על ביצוע	מפקח הורה
ממונה על ביצוע	מפקח הורה
ממונה על ביצוע	מפקח הורה
ממונה על ביצוע	בודק מוסמך
ממונה על ביצוע	בודק מוסמך
ממונה על ביצוע	בודק מוסמך
ממונה על ביצוע	בודק מוסמך
ממונה על ביצוע	מפקח האזורי
ממונה על ביצוע	מפקח האזורי
ממונה על ביצוע	מפקח האזורי
ממונה על ביצוע	מפקח האזורי
ממונה על ביצוע	מפקח הוא
ממונה על ביצוע	מפקח הוא
ממונה על ביצוע	מפקח הוא
ממונה על ביצוע	מפקח הוא
ממונה על ביצוע	מפקח העבודה
ממונה על ביצוע	מפקח העבודה
ממונה על ביצוע	מפקח העבודה
ממונה על ביצוע	מפקח העבודה
ממונה על ביצוע	מבצע בניה
ממונה על ביצוע	מבצע בניה
ממונה על ביצוע	מבצע בניה
ממונה על ביצוע	מבצע בניה
ממונה על ביצוע	ממונה על הארגז
ממונה על ביצוע	ממונה על הארגז
ממונה על ביצוע	ממונה על הארגז
ממונה על ביצוע	ממונה על הארגז
ממונה על ביצוע	מפקח הראשי
ממונה על ביצוע	מפקח הראשי
ממונה על ביצוע	מפקח הראשי
ממונה על ביצוע	מפקח הראשי
ממונה על ביצוע	המעסיק
ממונה על ביצוע	המעסיק
ממונה על ביצוע	המעסיק
ממונה על ביצוע	המעסיק
ממונה על ביצוע	הבודק המוסמך
ממונה על ביצוע	הבודק המוסמך
ממונה על ביצוע	הבודק המוסמך
ממונה על ביצוע	הבודק המוסמך
ממונה על ביצוע	קבלן
ממונה על ביצוע	קבלן
ממונה על ביצוע	קבלן
ממונה על ביצוע	קבלן
ממונה על ביצוע	ממונה על ארגז
ממונה על ביצוע	ממונה על ארגז
ממונה על ביצוע	ממונה על ארגז
ממונה על ביצוע	ממונה על ארגז
בודק מוסמך	מעסיק
בודק מוסמך	מעסיק
בודק מוסמך	מעסיק
בודק מוסמך	מעסיק
בודק מוסמך	מפקח הורה
בודק מוסמך	מפקח הורה
בודק מוסמך	מפקח הורה
בודק מוסמך	מפקח הורה
בודק מוסמך	ממונה על ביצוע
בודק מוסמך	ממונה על ביצוע
בודק מוסמך	ממונה על ביצוע
בודק מוסמך	ממונה על ביצוע
בודק מוסמך	מפקח האזורי
בודק מוסמך	מפקח האזורי
בודק מוסמך	מפקח האזורי
בודק מוסמך	מפקח האזורי
בודק מוסמך	מפקח הוא
בודק מוסמך	מפקח הוא
בודק מוסמך	מפקח הוא
בודק מוסמך	מפקח הוא
בודק מוסמך	מפקח העבודה
בודק מוסמך	מפקח העבודה
בודק מוסמך	מפקח העבודה
בודק מוסמך	מפקח העבודה
בודק מוסמך	מבצע בניה
בודק מוסמך	מבצע בניה
בודק מוסמך	מבצע בניה
בודק מוסמך	מבצע בניה
בודק מוסמך	ממונה על הארגז
בודק מוסמך	ממונה על הארגז
בודק מוסמך	ממונה על הארגז
בודק מוסמך	ממונה על הארגז
בודק מוסמך	מפקח הראשי
בודק מוסמך	מפקח הראשי
בודק מוסמך	מפקח הראשי
בודק מוסמך	מפקח הראשי
בודק מוסמך	המעסיק
בודק מוסמך	המעסיק
בודק מוסמך	המעסיק
בודק מוסמך	המעסיק
בודק מוסמך	הבודק המוסמך
בודק מוסמך	הבודק המוסמך
בודק מוסמך	הבודק המוסמך
בודק מוסמך	הבודק המוסמך
בודק מוסמך	קבלן
בודק מוסמך	קבלן
בודק מוסמך	קבלן
בודק מוסמך	קבלן
בודק מוסמך	ממונה על ארגז
בודק מוסמך	ממונה על ארגז
בודק מוסמך	ממונה על ארגז
בודק מוסמך	ממונה על ארגז
מפקח האזורי	מעסיק
מפקח האזורי	מעסיק
מפקח האזורי	מעסיק
מפקח האזורי	מעסיק
מפקח האזורי	מפקח הורה
מפקח האזורי	מפקח הורה
מפקח האזורי	מפקח הורה
מפקח האזורי	מפקח הורה
מפקח האזורי	ממונה על ביצוע
מפקח האזורי	ממונה על ביצוע
מפקח האזורי	ממונה על ביצוע
מפקח האזורי	ממונה על ביצוע
מפקח האזורי	בודק מוסמך
מפקח האזורי	בודק מוסמך
מפקח האזורי	בודק מוסמך
מפקח האזורי	בודק מוסמך
מפקח האזורי	מפקח הוא
מפקח האזורי	מפקח הוא
מפקח האזורי	מפקח הוא
מפקח האזורי	מפקח הוא
מפקח האזורי	מפקח העבודה
מפקח האזורי	מפקח העבודה
מפקח האזורי	מפקח העבודה
מפקח האזורי	מפקח העבודה
מפקח האזורי	מבצע בניה
מפקח האזורי	מבצע בניה
מפקח האזורי	מבצע בניה
מפקח האזורי	מבצע בניה
מפקח האזורי	ממונה על הארגז
מפקח האזורי	ממונה על הארגז
מפקח האזורי	ממונה על הארגז
מפקח האזורי	ממונה על הארגז
מפקח האזורי	מפקח הראשי
מפקח האזורי	מפקח הראשי
מפקח האזורי	מפקח הראשי
מפקח האזורי	מפקח הראשי
מפקח האזורי	המעסיק
מפקח האזורי	המעסיק
מפקח האזורי	המעסיק
מפקח האזורי	המעסיק
מפקח האזורי	הבודק המוסמך
מפקח האזורי	הבודק המוסמך
מפקח האזורי	הבודק המוסמך
מפקח האזורי	הבודק המוסמך
מפקח האזורי	קבלן
מפקח האזורי	קבלן
מפקח האזורי	קבלן
מפקח האזורי	קבלן
מפקח האזורי	ממונה על ארגז
מפקח האזורי	ממונה על ארגז
מפקח האזורי	ממונה על ארגז
מפקח האזורי	ממונה על ארגז
מפקח הוא	מעסיק
מפקח הוא	מעסיק
מפקח הוא	מעסיק
מפקח הוא	מעסיק
מפקח הוא	מפקח הורה
מפקח הוא	מפקח הורה
מפקח הוא	מפקח הורה
מפקח הוא	מפקח הורה
מפקח הוא	ממונה על ביצוע
מפקח הוא	ממונה על ביצוע
מפקח הוא	ממונה על ביצוע
מפקח הוא	ממונה על ביצוע
מפקח הוא	בודק מוסמך
מפקח הוא	בודק מוסמך
מפקח הוא	בודק מוסמך
מפקח הוא	בודק מוסמך
מפקח הוא	מפקח האזורי
מפקח הוא	מפקח האזורי
מפקח הוא	מפקח האזורי
מפקח הוא	מפקח האזורי
מפקח הוא	מפקח העבודה
מפקח הוא	מפקח העבודה
מפקח הוא	מפקח העבודה
מפקח הוא	מפקח העבודה
מפקח הוא	מבצע בניה
מפקח הוא	מבצע בניה
מפקח הוא	מבצע בניה
מפקח הוא	מבצע בניה
מפקח הוא	ממונה על הארגז
מפקח הוא	ממונה על הארגז
מפקח הוא	ממונה על הארגז
מפקח הוא	ממונה על הארגז
מפקח הוא	מפקח הראשי
מפקח הוא	מפקח הראשי
מפקח הוא	מפקח הראשי
מפקח הוא	מפקח הראשי
מפקח הוא	המעסיק
מפקח הוא	המעסיק
מפקח הוא	המעסיק
מפקח הוא	המעסיק
מפקח הוא	הבודק המוסמך
מפקח הוא	הבודק המוסמך
מפקח הוא	הבודק המוסמך
מפקח הוא	הבודק המוסמך
מפקח הוא	קבלן
מפקח הוא	קבלן
מפקח הוא	קבלן
מפקח הוא	קבלן
מפקח הוא	ממונה על ארגז
מפקח הוא	ממונה על ארגז
מפקח הוא	ממונה על ארגז
מפקח הוא	ממונה על ארגז
מפקח העבודה	מעסיק
מפקח העבודה	מעסיק
מפקח העבודה	מעסיק
מפקח העבודה	מעסיק
מפקח העבודה	מפקח הורה
מפקח העבודה	מפקח הורה
מפקח העבודה	מפקח הורה
מפקח העבודה	מפקח הורה
מפקח העבודה	ממונה על ביצוע
מפקח העבודה	ממונה על ביצוע
מפקח העבודה	ממונה על ביצוע
מפקח העבודה	ממונה על ביצוע
מפקח העבודה	בודק מוסמך
מפקח העבודה	בודק מוסמך
מפקח העבודה	בודק מוסמך
מפקח העבודה	בודק מוסמך
מפקח העבודה	מפקח האזורי
מפקח העבודה	מפקח האזורי
מפקח העבודה	מפקח האזורי
מפקח העבודה	מפקח האזורי
מפקח העבודה	מפקח הוא
מפקח העבודה	מפקח הוא
מפקח העבודה	מפקח הוא
מפקח העבודה	מפקח הוא
מפקח העבודה	מבצע בניה
מפקח העבודה	מבצע בניה
מפקח העבודה	מבצע בניה
מפקח העבודה	מבצע בניה
מפקח העבודה	ממונה על הארגז
מפקח העבודה	ממונה על הארגז
מפקח העבודה	ממונה על הארגז
מפקח העבודה	ממונה על הארגז
מפקח העבודה	מפקח הראשי
מפקח העבודה	מפקח הראשי
מפקח העבודה	מפקח הראשי
מפקח העבודה	מפקח הראשי
מפקח העבודה	המעסיק
מפקח העבודה	המעסיק
מפקח העבודה	המעסיק
מפקח העבודה	המעסיק
מפקח העבודה	הבודק המוסמך
מפקח העבודה	הבודק המוסמך
מפקח העבודה	הבודק המוסמך
מפקח העבודה	הבודק המוסמך
מפקח העבודה	קבלן
מפקח העבודה	קבלן
מפקח העבודה	קבלן
מפקח העבודה	קבלן
מפקח העבודה	ממונה על ארגז
מפקח העבודה	ממונה על ארגז
מפקח העבודה	ממונה על ארגז
מפקח העבודה	ממונה על ארגז
מבצע בניה	מעסיק
מבצע בניה	מעסיק
מבצע בניה	מעסיק
מבצע בניה	מעסיק
מבצע בניה	מפקח הורה
מבצע בניה	מפקח הורה
מבצע בניה	מפקח הורה
מבצע בניה	מפקח הורה
מבצע בניה	ממונה על ביצוע
מבצע בניה	ממונה על ביצוע
מבצע בניה	ממונה על ביצוע
מבצע בניה	ממונה על ביצוע
מבצע בניה	בודק מוסמך
מבצע בניה	בודק מוסמך
מבצע בניה	בודק מוסמך
מבצע בניה	בודק מוסמך
מבצע בניה	מפקח האזורי
מבצע בניה	מפקח האזורי
מבצע בניה	מפקח האזורי
מבצע בניה	מפקח האזורי
מבצע בניה	מפקח הוא
מבצע בניה	מפקח הוא
מבצע בניה	מפקח הוא
מבצע בניה	מפקח הוא
מבצע בניה	מפקח העבודה
מבצע בניה	מפקח העבודה
מבצע בניה	מפקח העבודה
מבצע בניה	מפקח העבודה
מבצע בניה	ממונה על הארגז
מבצע בניה	ממונה על הארגז
מבצע בניה	ממונה על הארגז
מבצע בניה	ממונה על הארגז
מבצע בניה	מפקח הראשי
מבצע בניה	מפקח הראשי
מבצע בניה	מפקח הראשי
מבצע בניה	מפקח הראשי
מבצע בניה	המעסיק
מבצע בניה	המעסיק
מבצע בניה	המעסיק
מבצע בניה	המעסיק
מבצע בניה	הבודק המוסמך
מבצע בניה	הבודק המוסמך
מבצע בניה	הבודק המוסמך
מבצע בניה	הבודק המוסמך
מבצע בניה	קבלן
מבצע בניה	קבלן
מבצע בניה	קבלן
מבצע בניה	קבלן
מבצע בניה	ממונה על ארגז
מבצע בניה	ממונה על ארגז
מבצע בניה	ממונה על ארגז
מבצע בניה	ממונה על ארגז
ממונה על הארגז	מעסיק
ממונה על הארגז	מעסיק
ממונה על הארגז	מעסיק
ממונה על הארגז	מעסיק
ממונה על הארגז	מפקח הורה
ממונה על הארגז	מפקח הורה
ממונה על הארגז	מפקח הורה
ממונה על הארגז	מפקח הורה
ממונה על הארגז	ממונה על ביצוע
ממונה על הארגז	ממונה על ביצוע
ממונה על הארגז	ממונה על ביצוע
ממונה על הארגז	ממונה על ביצוע
ממונה על הארגז	בודק מוסמך
ממונה על הארגז	בודק מוסמך
ממונה על הארגז	בודק מוסמך
ממונה על הארגז	בודק מוסמך
ממונה על הארגז	מפקח האזורי
ממונה על הארגז	מפקח האזורי
ממונה על הארגז	מפקח האזורי
ממונה על הארגז	מפקח האזורי
ממונה על הארגז	מפקח הוא
ממונה על הארגז	מפקח הוא
ממונה על הארגז	מפקח הוא
ממונה על הארגז	מפקח הוא
ממונה על הארגז	מפקח העבודה
ממונה על הארגז	מפקח העבודה
ממונה על הארגז	מפקח העבודה
ממונה על הארגז	מפקח העבודה
ממונה על הארגז	מבצע בניה
ממונה על הארגז	מבצע בניה
ממונה על הארגז	מבצע בניה
ממונה על הארגז	מבצע בניה
ממונה על הארגז	מפקח הראשי
ממונה על הארגז	מפקח הראשי
ממונה על הארגז	מפקח הראשי
ממונה על הארגז	מפקח הראשי
ממונה על הארגז	המעסיק
ממונה על הארגז	המעסיק
ממונה על הארגז	המעסיק
ממונה על הארגז	המעסיק
ממונה על הארגז	הבודק המוסמך
ממונה על הארגז	הבודק המוסמך
ממונה על הארגז	הבודק המוסמך
ממונה על הארגז	הבודק המוסמך
ממונה על הארגז	קבלן
ממונה על הארגז	קבלן
ממונה על הארגז	קבלן
ממונה על הארגז	קבלן
ממונה על הארגז	ממונה על ארגז
ממונה על הארגז	ממונה על ארגז
ממונה על הארגז	ממונה על ארגז
ממונה על הארגז	ממונה על ארגז
מפקח הראשי	מעסיק
מפקח הראשי	מעסיק
מפקח הראשי	מעסיק
מפקח הראשי	מעסיק
מפקח הראשי	מפקח הורה
מפקח הראשי	מפקח הורה
מפקח הראשי	מפקח הורה
מפקח הראשי	מפקח הורה
מפקח הראשי	ממונה על ביצוע
מפקח הראשי	ממונה על ביצוע
מפקח הראשי	ממונה על ביצוע
מפקח הראשי	ממונה על ביצוע
מפקח הראשי	בודק מוסמך
מפקח הראשי	בודק מוסמך
מפקח הראשי	בודק מוסמך
מפקח הראשי	בודק מוסמך
מפקח הראשי	מפקח האזורי
מפקח הראשי	מפקח האזורי
מפקח הראשי	מפקח האזורי
מפקח הראשי	מפקח האזורי
מפקח הראשי	מפקח הוא
מפקח הראשי	מפקח הוא
מפקח הראשי	מפקח הוא
מפקח הראשי	מפקח הוא
מפקח הראשי	מפקח העבודה
מפקח הראשי	מפקח העבודה
מפקח הראשי	מפקח העבודה
מפקח הראשי	מפקח העבודה
מפקח הראשי	מבצע בניה
מפקח הראשי	מבצע בניה
מפקח הראשי	מבצע בניה
מפקח הראשי	מבצע בניה
מפקח הראשי	ממונה על הארגז
מפקח הראשי	ממונה על הארגז
מפקח הראשי	ממונה על הארגז
מפקח הראשי	ממונה על הארגז
מפקח הראשי	המעסיק
מפקח הראשי	המעסיק
מפקח הראשי	המעסיק
מפקח הראשי	המעסיק
מפקח הראשי	הבודק המוסמך
מפקח הראשי	הבודק המוסמך
מפקח הראשי	הבודק המוסמך
מפקח הראשי	הבודק המוסמך
מפקח הראשי	קבלן
מפקח הראשי	קבלן
מפקח הראשי	קבלן
מפקח הראשי	קבלן
מפקח הראשי	ממונה על ארגז
מפקח הראשי	ממונה על ארגז
מפקח הראשי	ממונה על ארגז
מפקח הראשי	ממונה על ארגז
המעסיק	מעסיק
המעסיק	מעסיק
המעסיק	מעסיק
המעסיק	מעסיק
המעסיק	מפקח הורה
המעסיק	מפקח הורה
המעסיק	מפקח הורה
המעסיק	מפקח הורה
המעסיק	ממונה על ביצוע
המעסיק	ממונה על ביצוע
המעסיק	ממונה על ביצוע
המעסיק	ממונה על ביצוע
המעסיק	בודק מוסמך
המעסיק	בודק מוסמך
המעסיק	בודק מוסמך
המעסיק	בודק מוסמך
המעסיק	מפקח האזורי
המעסיק	מפקח האזורי
המעסיק	מפקח האזורי
המעסיק	מפקח האזורי
המעסיק	מפקח הוא
המעסיק	מפקח הוא
המעסיק	מפקח הוא
המעסיק	מפקח הוא
המעסיק	מפקח העבודה
המעסיק	מפקח העבודה
המעסיק	מפקח העבודה
המעסיק	מפקח העבודה
המעסיק	מבצע בניה
המעסיק	מבצע בניה
המעסיק	מבצע בניה
המעסיק	מבצע בניה
המעסיק	ממונה על הארגז
המעסיק	ממונה על הארגז
המעסיק	ממונה על הארגז
המעסיק	ממונה על הארגז
המעסיק	מפקח הראשי
המעסיק	מפקח הראשי
המעסיק	מפקח הראשי
המעסיק	מפקח הראשי
המעסיק	הבודק המוסמך
המעסיק	הבודק המוסמך
המעסיק	הבודק המוסמך
המעסיק	הבודק המוסמך
המעסיק	קבלן
המעסיק	קבלן
המעסיק	קבלן
המעסיק	קבלן
המעסיק	ממונה על ארגז
המעסיק	ממונה על ארגז
המעסיק	ממונה על ארגז
המעסיק	ממונה על ארגז
הבודק המוסמך	מעסיק
הבודק המוסמך	מעסיק
הבודק המוסמך	מעסיק
הבודק המוסמך	מעסיק
הבודק המוסמך	מפקח הורה
הבודק המוסמך	מפקח הורה
הבודק המוסמך	מפקח הורה
הבודק המוסמך	מפקח הורה
הבודק המוסמך	ממונה על ביצוע
הבודק המוסמך	ממונה על ביצוע
הבודק המוסמך	ממונה על ביצוע
הבודק המוסמך	ממונה על ביצוע
הבודק המוסמך	בודק מוסמך
הבודק המוסמך	בודק מוסמך
הבודק המוסמך	בודק מוסמך
הבודק המוסמך	בודק מוסמך
הבודק המוסמך	מפקח האזורי
הבודק המוסמך	מפקח האזורי
הבודק המוסמך	מפקח האזורי
הבודק המוסמך	מפקח האזורי
הבודק המוסמך	מפקח הוא
הבודק המוסמך	מפקח הוא
הבודק המוסמך	מפקח הוא
הבודק המוסמך	מפקח הוא
הבודק המוסמך	מפקח העבודה
הבודק המוסמך	מפקח העבודה
הבודק המוסמך	מפקח העבודה
הבודק המוסמך	מפקח העבודה
הבודק המוסמך	מבצע בניה
הבודק המוסמך	מבצע בניה
הבודק המוסמך	מבצע בניה
הבודק המוסמך	מבצע בניה
הבודק המוסמך	ממונה על הארגז
הבודק המוסמך	ממונה על הארגז
הבודק המוסמך	ממונה על הארגז
הבודק המוסמך	ממונה על הארגז
הבודק המוסמך	מפקח הראשי
הבודק המוסמך	מפקח הראשי
הבודק המוסמך	מפקח הראשי
הבודק המוסמך	מפקח הראשי
הבודק המוסמך	המעסיק
הבודק המוסמך	המעסיק
הבודק המוסמך	המעסיק
הבודק המוסמך	המעסיק
הבודק המוסמך	קבלן
הבודק המוסמך	קבלן
הבודק המוסמך	קבלן
הבודק המוסמך	קבלן
הבודק המוסמך	ממונה על ארגז
הבודק המוסמך	ממונה על ארגז
הבודק המוסמך	ממונה על ארגז
הבודק המוסמך	ממונה על ארגז
קבלן	מעסיק
קבלן	מעסיק
קבלן	מעסיק
קבלן	מעסיק
קבלן	מפקח הורה
קבלן	מפקח הורה
קבלן	מפקח הורה
קבלן	מפקח הורה
קבלן	ממונה על ביצוע
קבלן	ממונה על ביצוע
קבלן	ממונה על ביצוע
קבלן	ממונה על ביצוע
קבלן	בודק מוסמך
קבלן	בודק מוסמך
קבלן	בודק מוסמך
קבלן	בודק מוסמך
קבלן	מפקח האזורי
קבלן	מפקח האזורי
קבלן	מפקח האזורי
קבלן	מפקח האזורי
קבלן	מפקח הוא
קבלן	מפקח הוא
קבלן	מפקח הוא
קבלן	מפקח הוא
קבלן	מפקח העבודה
קבלן	מפקח העבודה
קבלן	מפקח העבודה
קבלן	מפקח העבודה
קבלן	מבצע בניה
קבלן	מבצע בניה
קבלן	מבצע בניה
קבלן	מבצע בניה
קבלן	ממונה על הארגז
קבלן	ממונה על הארגז
קבלן	ממונה על הארגז
קבלן	ממונה על הארגז
קבלן	מפקח הראשי
קבלן	מפקח הראשי
קבלן	מפקח הראשי
קבלן	מפקח הראשי
קבלן	המעסיק
קבלן	המעסיק
קבלן	המעסיק
קבלן	המעסיק
קבלן	הבודק המוסמך
קבלן	הבודק המוסמך
קבלן	הבודק המוסמך
קבלן	הבודק המוסמך
קבלן	ממונה על ארגז
קבלן	ממונה על ארגז
קבלן	ממונה על ארגז
קבלן	ממונה על ארגז
ממונה על ארגז	מעסיק
ממונה על ארגז	מעסיק
ממונה על ארגז	מעסיק
ממונה על ארגז	מעסיק
ממונה על ארגז	מפקח הורה
ממונה על ארגז	מפקח הורה
ממונה על ארגז	מפקח הורה
ממונה על ארגז	מפקח הורה
ממונה על ארגז	ממונה על ביצוע
ממונה על ארגז	ממונה על ביצוע
ממונה על ארגז	ממונה על ביצוע
ממונה על ארגז	ממונה על ביצוע
ממונה על ארגז	בודק מוסמך
ממונה על ארגז	בודק מוסמך
ממונה על ארגז	בודק מוסמך
ממונה על ארגז	בודק מוסמך
ממונה על ארגז	מפקח האזורי
ממונה על ארגז	מפקח האזורי
ממונה על ארגז	מפקח האזורי
ממונה על ארגז	מפקח האזורי
ממונה על ארגז	מפקח הוא
ממונה על ארגז	מפקח הוא
ממונה על ארגז	מפקח הוא
ממונה על ארגז	מפקח הוא
ממונה על ארגז	מפקח העבודה
ממונה על ארגז	מפקח העבודה
ממונה על ארגז	מפקח העבודה
ממונה על ארגז	מפקח העבודה
ממונה על ארגז	מבצע בניה
ממונה על ארגז	מבצע בניה
ממונה על ארגז	מבצע בניה
ממונה על ארגז	מבצע בניה
ממונה על ארגז	ממונה על הארגז
ממונה על ארגז	ממונה על הארגז
ממונה על ארגז	ממונה על הארגז
ממונה על ארגז	ממונה על הארגז
ממונה על ארגז	מפקח הראשי
ממונה על ארגז	מפקח הראשי
ממונה על ארגז	מפקח הראשי
ממונה על ארגז	מפקח הראשי
ממונה על ארגז	המעסיק
ממונה על ארגז	המעסיק
ממונה על ארגז	המעסיק
ממונה על ארגז	המעסיק
ממונה על ארגז	הבודק המוסמך
ממונה על ארגז	הבודק המוסמך
ממונה על ארגז	הבודק המוסמך
ממונה על ארגז	הבודק המוסמך
ממונה על ארגז	קבלן
ממונה על ארגז	קבלן
ממונה על ארגז	קבלן
ממונה על ארגז	קבלן
מפקח העבודה	בודק מוסמך
מפקח העבודה	בודק מוסמך
מפקח העבודה	מבצע בניה
מפקח העבודה	מבצע בניה
מפקח העבודה	ממונה על בטיחות
מפקח העבודה	ממונה על בטיחות
מפקח העבודה	קבלן
מפקח העבודה	קבלן
בודק מוסמך	מפקח העבודה
בודק מוסמך	מפקח העבודה
בודק מוסמך	מבצע בניה
בודק מוסמך	מבצע בניה
בודק מוסמך	ממונה על בטיחות
בודק מוסמך	ממונה על בטיחות
בודק מוסמך	קבלן
בודק מוסמך	קבלן
מבצע בניה	מפקח העבודה
מבצע בניה	מפקח העבודה
מבצע בניה	בודק מוסמך
מבצע בניה	בודק מוסמך
מבצע בניה	ממונה על בטיחות
מבצע בניה	ממונה על בטיחות
מבצע בניה	קבלן
מבצע בניה	קבלן
ממונה על בטיחות	מפקח העבודה
ממונה על בטיחות	מפקח העבודה
ממונה על בטיחות	בודק מוסמך
ממונה על בטיחות	בודק מוסמך
ממונה על בטיחות	מבצע בניה
ממונה על בטיחות	מבצע בניה
ממונה על בטיחות	קבלן
ממונה על בטיחות	קבלן
קבלן	מפקח העבודה
קבלן	מפקח העבודה
קבלן	בודק מוסמך
קבלן	בודק מוסמך
קבלן	מבצע בניה
קבלן	מבצע בניה
קבלן	ממונה על בטיחות
קבלן	ממונה על בטיחות
מפקח העבודה	המעסיק
מפקח העבודה	המעסיק
מפקח העבודה	המעסיק
מפקח העבודה	ממונה על בטיחות
מפקח העבודה	ממונה על בטיחות
מפקח העבודה	ממונה על בטיחות
מפקח העבודה	קבלן
מפקח העבודה	קבלן
מפקח העבודה	קבלן
מפקח העבודה	ממונה על הבטיחות
מפקח העבודה	ממונה על הבטיחות
מפקח העבודה	ממונה על הבטיחות
המעסיק	מפקח העבודה
המעסיק	מפקח העבודה
המעסיק	מפקח העבודה
המעסיק	ממונה על בטיחות
המעסיק	ממונה על בטיחות
המעסיק	ממונה על בטיחות
המעסיק	קבלן
המעסיק	קבלן
המעסיק	קבלן
המעסיק	ממונה על הבטיחות
המעסיק	ממונה על הבטיחות
המעסיק	ממונה על הבטיחות
ממונה על בטיחות	מפקח העבודה
ממונה על בטיחות	מפקח העבודה
ממונה על בטיחות	מפקח העבודה
ממונה על בטיחות	המעסיק
ממונה על בטיחות	המעסיק
ממונה על בטיחות	המעסיק
ממונה על בטיחות	קבלן
ממונה על בטיחות	קבלן
ממונה על בטיחות	קבלן
ממונה על בטיחות	ממונה על הבטיחות
ממונה על בטיחות	ממונה על הבטיחות
ממונה על בטיחות	ממונה על הבטיחות
קבלן	מפקח העבודה
קבלן	מפקח העבודה
קבלן	מפקח העבודה
קבלן	המעסיק
קבלן	המעסיק
קבלן	המעסיק
קבלן	ממונה על בטיחות
קבלן	ממונה על בטיחות
קבלן	ממונה על בטיחות
קבלן	ממונה על הבטיחות
קבלן	ממונה על הבטיחות
קבלן	ממונה על הבטיחות
ממונה על הבטיחות	מפקח העבודה
ממונה על הבטיחות	מפקח העבודה
ממונה על הבטיחות	מפקח העבודה
ממונה על הבטיחות	המעסיק
ממונה על הבטיחות	המעסיק
ממונה על הבטיחות	המעסיק
ממונה על הבטיחות	ממונה על בטיחות
ממונה על הבטיחות	ממונה על בטיחות
ממונה על הבטיחות	ממונה על בטיחות
ממונה על הבטיחות	קבלן
ממונה על הבטיחות	קבלן
ממונה על הבטיחות	קבלן
מעסיק	מפקח העבודה
מעסיק	מפקח העבודה
מעסיק	מפקח העבודה
מעסיק	מבצע בניה
מעסיק	מבצע בניה
מעסיק	מבצע בניה
מעסיק	המעסיק
מעסיק	המעסיק
מעסיק	המעסיק
מעסיק	ממונה על בטיחות
מעסיק	ממונה על בטיחות
מעסיק	ממונה על בטיחות
מעסיק	קבלן
מעסיק	קבלן
מעסיק	קבלן
מעסיק	ממונה על הבטיחות
מעסיק	ממונה על הבטיחות
מעסיק	ממונה על הבטיחות
מפקח העבודה	מעסיק
מפקח העבודה	מעסיק
מפקח העבודה	מעסיק
מפקח העבודה	מבצע בניה
מפקח העבודה	מבצע בניה
מפקח העבודה	מבצע בניה
מפקח העבודה	המעסיק
מפקח העבודה	המעסיק
מפקח העבודה	המעסיק
מפקח העבודה	ממונה על בטיחות
מפקח העבודה	ממונה על בטיחות
מפקח העבודה	ממונה על בטיחות
מפקח העבודה	קבלן
מפקח העבודה	קבלן
מפקח העבודה	קבלן
מפקח העבודה	ממונה על הבטיחות
מפקח העבודה	ממונה על הבטיחות
מפקח העבודה	ממונה על הבטיחות
מבצע בניה	מעסיק
מבצע בניה	מעסיק
מבצע בניה	מעסיק
מבצע בניה	מפקח העבודה
מבצע בניה	מפקח העבודה
מבצע בניה	מפקח העבודה
מבצע בניה	המעסיק
מבצע בניה	המעסיק
מבצע בניה	המעסיק
מבצע בניה	ממונה על בטיחות
מבצע בניה	ממונה על בטיחות
מבצע בניה	ממונה על בטיחות
מבצע בניה	קבלן
מבצע בניה	קבלן
מבצע בניה	קבלן
מבצע בניה	ממונה על הבטיחות
מבצע בניה	ממונה על הבטיחות
מבצע בניה	ממונה על הבטיחות
המעסיק	מעסיק
המעסיק	מעסיק
המעסיק	מעסיק
המעסיק	מפקח העבודה
המעסיק	מפקח העבודה
המעסיק	מפקח העבודה
המעסיק	מבצע בניה
המעסיק	מבצע בניה
המעסיק	מבצע בניה
המעסיק	ממונה על בטיחות
המעסיק	ממונה על בטיחות
המעסיק	ממונה על בטיחות
המעסיק	קבלן
המעסיק	קבלן
המעסיק	קבלן
המעסיק	ממונה על הבטיחות
המעסיק	ממונה על הבטיחות
המעסיק	ממונה על הבטיחות
ממונה על בטיחות	מעסיק
ממונה על בטיחות	מעסיק
ממונה על בטיחות	מעסיק
ממונה על בטיחות	מפקח העבודה
ממונה על בטיחות	מפקח העבודה
ממונה על בטיחות	מפקח העבודה
ממונה על בטיחות	מבצע בניה
ממונה על בטיחות	מבצע בניה
ממונה על בטיחות	מבצע בניה
ממונה על בטיחות	המעסיק
ממונה על בטיחות	המעסיק
ממונה על בטיחות	המעסיק
ממונה על בטיחות	קבלן
ממונה על בטיחות	קבלן
ממונה על בטיחות	קבלן
ממונה על בטיחות	ממונה על הבטיחות
ממונה על בטיחות	ממונה על הבטיחות
ממונה על בטיחות	ממונה על הבטיחות
קבלן	מעסיק
קבלן	מעסיק
קבלן	מעסיק
קבלן	מפקח העבודה
קבלן	מפקח העבודה
קבלן	מפקח העבודה
קבלן	מבצע בניה
קבלן	מבצע בניה
קבלן	מבצע בניה
קבלן	המעסיק
קבלן	המעסיק
קבלן	המעסיק
קבלן	ממונה על בטיחות
קבלן	ממונה על בטיחות
קבלן	ממונה על בטיחות
קבלן	ממונה על הבטיחות
קבלן	ממונה על הבטיחות
קבלן	ממונה על הבטיחות
ממונה על הבטיחות	מעסיק
ממונה על הבטיחות	מעסיק
ממונה על הבטיחות	מעסיק
ממונה על הבטיחות	מפקח העבודה
ממונה על הבטיחות	מפקח העבודה
ממונה על הבטיחות	מפקח העבודה
ממונה על הבטיחות	מבצע בניה
ממונה על הבטיחות	מבצע בניה
ממונה על הבטיחות	מבצע בניה
ממונה על הבטיחות	המעסיק
ממונה על הבטיחות	המעסיק
ממונה על הבטיחות	המעסיק
ממונה על הבטיחות	ממונה על בטיחות
ממונה על הבטיחות	ממונה על בטיחות
ממונה על הבטיחות	ממונה על בטיחות
ממונה על הבטיחות	קבלן
ממונה על הבטיחות	קבלן
ממונה על הבטיחות	קבלן
מפקח על מקום	מפקח העבודה
מפקח על מקום	ממונה על הבטיחות
מפקח העבודה	מפקח על מקום
מפקח העבודה	ממונה על הבטיחות
ממונה על הבטיחות	מפקח על מקום
ממונה על הבטיחות	מפקח העבודה
ממונה על בני	בודק מוסמך
ממונה על בני	בודק מוסמך
בודק מוסמך	ממונה על בני
בודק מוסמך	ממונה על בני
ממונה על הציוד	מפקח העבודה
ממונה על הציוד	המעסיק
מפקח העבודה	ממונה על הציוד
מפקח העבודה	המעסיק
המעסיק	ממונה על הציוד
המעסיק	מפקח העבודה
מעסיק	מפקח העבודה
מעסיק	המעסיק
מפקח העבודה	מעסיק
מפקח העבודה	המעסיק
המעסיק	מעסיק
המעסיק	מפקח העבודה
קבלן	המעסיק
קבלן	המעסיק
קבלן	המעסיק
קבלן	המעסיק
המעסיק	קבלן
המעסיק	קבלן
המעסיק	קבלן
המעסיק	קבלן
מוסמך למתן איתות	בודק המוסמך
מוסמך למתן איתות	מבצע הבניה
מוסמך למתן איתות	המוסמך למתן איתות
מוסמך למתן איתות	בודק מוסמך
מוסמך למתן איתות	מפקח העבודה
מוסמך למתן איתות	מבצע בניה
מוסמך למתן איתות	מפקח הראשי
מוסמך למתן איתות	ממונה על בטיחות
מוסמך למתן איתות	הבודק המוסמך
בודק המוסמך	מוסמך למתן איתות
בודק המוסמך	מבצע הבניה
בודק המוסמך	המוסמך למתן איתות
בודק המוסמך	בודק מוסמך
בודק המוסמך	מפקח העבודה
בודק המוסמך	מבצע בניה
בודק המוסמך	מפקח הראשי
בודק המוסמך	ממונה על בטיחות
בודק המוסמך	הבודק המוסמך
מבצע הבניה	מוסמך למתן איתות
מבצע הבניה	בודק המוסמך
מבצע הבניה	המוסמך למתן איתות
מבצע הבניה	בודק מוסמך
מבצע הבניה	מפקח העבודה
מבצע הבניה	מבצע בניה
מבצע הבניה	מפקח הראשי
מבצע הבניה	ממונה על בטיחות
מבצע הבניה	הבודק המוסמך
המוסמך למתן איתות	מוסמך למתן איתות
המוסמך למתן איתות	בודק המוסמך
המוסמך למתן איתות	מבצע הבניה
המוסמך למתן איתות	בודק מוסמך
המוסמך למתן איתות	מפקח העבודה
המוסמך למתן איתות	מבצע בניה
המוסמך למתן איתות	מפקח הראשי
המוסמך למתן איתות	ממונה על בטיחות
המוסמך למתן איתות	הבודק המוסמך
בודק מוסמך	מוסמך למתן איתות
בודק מוסמך	בודק המוסמך
בודק מוסמך	מבצע הבניה
בודק מוסמך	המוסמך למתן איתות
בודק מוסמך	מפקח העבודה
בודק מוסמך	מבצע בניה
בודק מוסמך	מפקח הראשי
בודק מוסמך	ממונה על בטיחות
בודק מוסמך	הבודק המוסמך
מפקח העבודה	מוסמך למתן איתות
מפקח העבודה	בודק המוסמך
מפקח העבודה	מבצע הבניה
מפקח העבודה	המוסמך למתן איתות
מפקח העבודה	בודק מוסמך
מפקח העבודה	מבצע בניה
מפקח העבודה	מפקח הראשי
מפקח העבודה	ממונה על בטיחות
מפקח העבודה	הבודק המוסמך
מבצע בניה	מוסמך למתן איתות
מבצע בניה	בודק המוסמך
מבצע בניה	מבצע הבניה
מבצע בניה	המוסמך למתן איתות
מבצע בניה	בודק מוסמך
מבצע בניה	מפקח העבודה
מבצע בניה	מפקח הראשי
מבצע בניה	ממונה על בטיחות
מבצע בניה	הבודק המוסמך
מפקח הראשי	מוסמך למתן איתות
מפקח הראשי	בודק המוסמך
מפקח הראשי	מבצע הבניה
מפקח הראשי	המוסמך למתן איתות
מפקח הראשי	בודק מוסמך
מפקח הראשי	מפקח העבודה
מפקח הראשי	מבצע בניה
מפקח הראשי	ממונה על בטיחות
מפקח הראשי	הבודק המוסמך
ממונה על בטיחות	מוסמך למתן איתות
ממונה על בטיחות	בודק המוסמך
ממונה על בטיחות	מבצע הבניה
ממונה על בטיחות	המוסמך למתן איתות
ממונה על בטיחות	בודק מוסמך
ממונה על בטיחות	מפקח העבודה
ממונה על בטיחות	מבצע בניה
ממונה על בטיחות	מפקח הראשי
ממונה על בטיחות	הבודק המוסמך
הבודק המוסמך	מוסמך למתן איתות
הבודק המוסמך	בודק המוסמך
הבודק המוסמך	מבצע הבניה
הבודק המוסמך	המוסמך למתן איתות
הבודק המוסמך	בודק מוסמך
הבודק המוסמך	מפקח העבודה
הבודק המוסמך	מבצע בניה
הבודק המוסמך	מפקח הראשי
הבודק המוסמך	ממונה על בטיחות
מעסיק	מוסד ביקורת מוסמך
מעסיק	מוסד ביקורת מוסמך
מעסיק	מבצע הבניה
מעסיק	מבצע הבניה
מעסיק	בודק מוסמך
מעסיק	בודק מוסמך
מעסיק	מפקח העבודה
מעסיק	מפקח העבודה
מעסיק	מתכנן הקמת
מעסיק	מתכנן הקמת
מעסיק	מבצע בניה
מעסיק	מבצע בניה
מעסיק	קבלן
מעסיק	קבלן
מעסיק	הבודק המוסמך
מעסיק	הבודק המוסמך
מעסיק	בונה מקצועי
מעסיק	בונה מקצועי
מעסיק	ממונה על ארגז
מעסיק	ממונה על ארגז
מוסד ביקורת מוסמך	מעסיק
מוסד ביקורת מוסמך	מעסיק
מוסד ביקורת מוסמך	מבצע הבניה
מוסד ביקורת מוסמך	מבצע הבניה
מוסד ביקורת מוסמך	בודק מוסמך
מוסד ביקורת מוסמך	בודק מוסמך
מוסד ביקורת מוסמך	מפקח העבודה
מוסד ביקורת מוסמך	מפקח העבודה
מוסד ביקורת מוסמך	מתכנן הקמת
מוסד ביקורת מוסמך	מתכנן הקמת
מוסד ביקורת מוסמך	מבצע בניה
מוסד ביקורת מוסמך	מבצע בניה
מוסד ביקורת מוסמך	קבלן
מוסד ביקורת מוסמך	קבלן
מוסד ביקורת מוסמך	הבודק המוסמך
מוסד ביקורת מוסמך	הבודק המוסמך
מוסד ביקורת מוסמך	בונה מקצועי
מוסד ביקורת מוסמך	בונה מקצועי
מוסד ביקורת מוסמך	ממונה על ארגז
מוסד ביקורת מוסמך	ממונה על ארגז
מבצע הבניה	מעסיק
מבצע הבניה	מעסיק
מבצע הבניה	מוסד ביקורת מוסמך
מבצע הבניה	מוסד ביקורת מוסמך
מבצע הבניה	בודק מוסמך
מבצע הבניה	בודק מוסמך
מבצע הבניה	מפקח העבודה
מבצע הבניה	מפקח העבודה
מבצע הבניה	מתכנן הקמת
מבצע הבניה	מתכנן הקמת
מבצע הבניה	מבצע בניה
מבצע הבניה	מבצע בניה
מבצע הבניה	קבלן
מבצע הבניה	קבלן
מבצע הבניה	הבודק המוסמך
מבצע הבניה	הבודק המוסמך
מבצע הבניה	בונה מקצועי
מבצע הבניה	בונה מקצועי
מבצע הבניה	ממונה על ארגז
מבצע הבניה	ממונה על ארגז
בודק מוסמך	מעסיק
בודק מוסמך	מעסיק
בודק מוסמך	מוסד ביקורת מוסמך
בודק מוסמך	מוסד ביקורת מוסמך
בודק מוסמך	מבצע הבניה
בודק מוסמך	מבצע הבניה
בודק מוסמך	מפקח העבודה
בודק מוסמך	מפקח העבודה
בודק מוסמך	מתכנן הקמת
בודק מוסמך	מתכנן הקמת
בודק מוסמך	מבצע בניה
בודק מוסמך	מבצע בניה
בודק מוסמך	קבלן
בודק מוסמך	קבלן
בודק מוסמך	הבודק המוסמך
בודק מוסמך	הבודק המוסמך
בודק מוסמך	בונה מקצועי
בודק מוסמך	בונה מקצועי
בודק מוסמך	ממונה על ארגז
בודק מוסמך	ממונה על ארגז
מפקח העבודה	מעסיק
מפקח העבודה	מעסיק
מפקח העבודה	מוסד ביקורת מוסמך
מפקח העבודה	מוסד ביקורת מוסמך
מפקח העבודה	מבצע הבניה
מפקח העבודה	מבצע הבניה
מפקח העבודה	בודק מוסמך
מפקח העבודה	בודק מוסמך
מפקח העבודה	מתכנן הקמת
מפקח העבודה	מתכנן הקמת
מפקח העבודה	מבצע בניה
מפקח העבודה	מבצע בניה
מפקח העבודה	קבלן
מפקח העבודה	קבלן
מפקח העבודה	הבודק המוסמך
מפקח העבודה	הבודק המוסמך
מפקח העבודה	בונה מקצועי
מפקח העבודה	בונה מקצועי
מפקח העבודה	ממונה על ארגז
מפקח העבודה	ממונה על ארגז
מתכנן הקמת	מעסיק
מתכנן הקמת	מעסיק
מתכנן הקמת	מוסד ביקורת מוסמך
מתכנן הקמת	מוסד ביקורת מוסמך
מתכנן הקמת	מבצע הבניה
מתכנן הקמת	מבצע הבניה
מתכנן הקמת	בודק מוסמך
מתכנן הקמת	בודק מוסמך
מתכנן הקמת	מפקח העבודה
מתכנן הקמת	מפקח העבודה
מתכנן הקמת	מבצע בניה
מתכנן הקמת	מבצע בניה
מתכנן הקמת	קבלן
מתכנן הקמת	קבלן
מתכנן הקמת	הבודק המוסמך
מתכנן הקמת	הבודק המוסמך
מתכנן הקמת	בונה מקצועי
מתכנן הקמת	בונה מקצועי
מתכנן הקמת	ממונה על ארגז
מתכנן הקמת	ממונה על ארגז
מבצע בניה	מעסיק
מבצע בניה	מעסיק
מבצע בניה	מוסד ביקורת מוסמך
מבצע בניה	מוסד ביקורת מוסמך
מבצע בניה	מבצע הבניה
מבצע בניה	מבצע הבניה
מבצע בניה	בודק מוסמך
מבצע בניה	בודק מוסמך
מבצע בניה	מפקח העבודה
מבצע בניה	מפקח העבודה
מבצע בניה	מתכנן הקמת
מבצע בניה	מתכנן הקמת
מבצע בניה	קבלן
מבצע בניה	קבלן
מבצע בניה	הבודק המוסמך
מבצע בניה	הבודק המוסמך
מבצע בניה	בונה מקצועי
מבצע בניה	בונה מקצועי
מבצע בניה	ממונה על ארגז
מבצע בניה	ממונה על ארגז
קבלן	מעסיק
קבלן	מעסיק
קבלן	מוסד ביקורת מוסמך
קבלן	מוסד ביקורת מוסמך
קבלן	מבצע הבניה
קבלן	מבצע הבניה
קבלן	בודק מוסמך
קבלן	בודק מוסמך
קבלן	מפקח העבודה
קבלן	מפקח העבודה
קבלן	מתכנן הקמת
קבלן	מתכנן הקמת
קבלן	מבצע בניה
קבלן	מבצע בניה
קבלן	הבודק המוסמך
קבלן	הבודק המוסמך
קבלן	בונה מקצועי
קבלן	בונה מקצועי
קבלן	ממונה על ארגז
קבלן	ממונה על ארגז
הבודק המוסמך	מעסיק
הבודק המוסמך	מעסיק
הבודק המוסמך	מוסד ביקורת מוסמך
הבודק המוסמך	מוסד ביקורת מוסמך
הבודק המוסמך	מבצע הבניה
הבודק המוסמך	מבצע הבניה
הבודק המוסמך	בודק מוסמך
הבודק המוסמך	בודק מוסמך
הבודק המוסמך	מפקח העבודה
הבודק המוסמך	מפקח העבודה
הבודק המוסמך	מתכנן הקמת
הבודק המוסמך	מתכנן הקמת
הבודק המוסמך	מבצע בניה
הבודק המוסמך	מבצע בניה
הבודק המוסמך	קבלן
הבודק המוסמך	קבלן
הבודק המוסמך	בונה מקצועי
הבודק המוסמך	בונה מקצועי
הבודק המוסמך	ממונה על ארגז
הבודק המוסמך	ממונה על ארגז
בונה מקצועי	מעסיק
בונה מקצועי	מעסיק
בונה מקצועי	מוסד ביקורת מוסמך
בונה מקצועי	מוסד ביקורת מוסמך
בונה מקצועי	מבצע הבניה
בונה מקצועי	מבצע הבניה
בונה מקצועי	בודק מוסמך
בונה מקצועי	בודק מוסמך
בונה מקצועי	מפקח העבודה
בונה מקצועי	מפקח העבודה
בונה מקצועי	מתכנן הקמת
בונה מקצועי	מתכנן הקמת
בונה מקצועי	מבצע בניה
בונה מקצועי	מבצע בניה
בונה מקצועי	קבלן
בונה מקצועי	קבלן
בונה מקצועי	הבודק המוסמך
בונה מקצועי	הבודק המוסמך
בונה מקצועי	ממונה על ארגז
בונה מקצועי	ממונה על ארגז
ממונה על ארגז	מעסיק
ממונה על ארגז	מעסיק
ממונה על ארגז	מוסד ביקורת מוסמך
ממונה על ארגז	מוסד ביקורת מוסמך
ממונה על ארגז	מבצע הבניה
ממונה על ארגז	מבצע הבניה
ממונה על ארגז	בודק מוסמך
ממונה על ארגז	בודק מוסמך
ממונה על ארגז	מפקח העבודה
ממונה על ארגז	מפקח העבודה
ממונה על ארגז	מתכנן הקמת
ממונה על ארגז	מתכנן הקמת
ממונה על ארגז	מבצע בניה
ממונה על ארגז	מבצע בניה
ממונה על ארגז	קבלן
ממונה על ארגז	קבלן
ממונה על ארגז	הבודק המוסמך
ממונה על ארגז	הבודק המוסמך
ממונה על ארגז	בונה מקצועי
ממונה על ארגז	בונה מקצועי
ממונה על שיטת	מפקח על הבטיחות
ממונה על שיטת	מפקח על הבטיחות
ממונה על שיטת	מפקח על הבטיחות
ממונה על שיטת	מתכנן שלד
ממונה על שיטת	מתכנן שלד
ממונה על שיטת	מתכנן שלד
ממונה על שיטת	מתכנן המחוז
ממונה על שיטת	מתכנן המחוז
ממונה על שיטת	מתכנן המחוז
ממונה על שיטת	מתכנן השיטה
ממונה על שיטת	מתכנן השיטה
ממונה על שיטת	מתכנן השיטה
ממונה על שיטת	קבלן
ממונה על שיטת	קבלן
ממונה על שיטת	קבלן
מפקח על הבטיחות	ממונה על שיטת
מפקח על הבטיחות	ממונה על שיטת
מפקח על הבטיחות	ממונה על שיטת
מפקח על הבטיחות	מתכנן שלד
מפקח על הבטיחות	מתכנן שלד
מפקח על הבטיחות	מתכנן שלד
מפקח על הבטיחות	מתכנן המחוז
מפקח על הבטיחות	מתכנן המחוז
מפקח על הבטיחות	מתכנן המחוז
מפקח על הבטיחות	מתכנן השיטה
מפקח על הבטיחות	מתכנן השיטה
מפקח על הבטיחות	מתכנן השיטה
מפקח על הבטיחות	קבלן
מפקח על הבטיחות	קבלן
מפקח על הבטיחות	קבלן
מתכנן שלד	ממונה על שיטת
מתכנן שלד	ממונה על שיטת
מתכנן שלד	ממונה על שיטת
מתכנן שלד	מפקח על הבטיחות
מתכנן שלד	מפקח על הבטיחות
מתכנן שלד	מפקח על הבטיחות
מתכנן שלד	מתכנן המחוז
מתכנן שלד	מתכנן המחוז
מתכנן שלד	מתכנן המחוז
מתכנן שלד	מתכנן השיטה
מתכנן שלד	מתכנן השיטה
מתכנן שלד	מתכנן השיטה
מתכנן שלד	קבלן
מתכנן שלד	קבלן
מתכנן שלד	קבלן
מתכנן המחוז	ממונה על שיטת
מתכנן המחוז	ממונה על שיטת
מתכנן המחוז	ממונה על שיטת
מתכנן המחוז	מפקח על הבטיחות
מתכנן המחוז	מפקח על הבטיחות
מתכנן המחוז	מפקח על הבטיחות
מתכנן המחוז	מתכנן שלד
מתכנן המחוז	מתכנן שלד
מתכנן המחוז	מתכנן שלד
מתכנן המחוז	מתכנן השיטה
מתכנן המחוז	מתכנן השיטה
מתכנן המחוז	מתכנן השיטה
מתכנן המחוז	קבלן
מתכנן המחוז	קבלן
מתכנן המחוז	קבלן
מתכנן השיטה	ממונה על שיטת
מתכנן השיטה	ממונה על שיטת
מתכנן השיטה	ממונה על שיטת
מתכנן השיטה	מפקח על הבטיחות
מתכנן השיטה	מפקח על הבטיחות
מתכנן השיטה	מפקח על הבטיחות
מתכנן השיטה	מתכנן שלד
מתכנן השיטה	מתכנן שלד
מתכנן השיטה	מתכנן שלד
מתכנן השיטה	מתכנן המחוז
מתכנן השיטה	מתכנן המחוז
מתכנן השיטה	מתכנן המחוז
מתכנן השיטה	קבלן
מתכנן השיטה	קבלן
מתכנן השיטה	קבלן
קבלן	ממונה על שיטת
קבלן	ממונה על שיטת
קבלן	ממונה על שיטת
קבלן	מפקח על הבטיחות
קבלן	מפקח על הבטיחות
קבלן	מפקח על הבטיחות
קבלן	מתכנן שלד
קבלן	מתכנן שלד
קבלן	מתכנן שלד
קבלן	מתכנן המחוז
קבלן	מתכנן המחוז
קבלן	מתכנן המחוז
קבלן	מתכנן השיטה
קבלן	מתכנן השיטה
קבלן	מתכנן השיטה
